feature,importance
lag_1,0.19478627944840407
is_weekend,0.18124763012618997
day_of_week,0.1623986622967432
rolling_mean_7,0.13607207215895842
lag_7,0.09529367098952084
rolling_mean_14,0.06353523985175183
lag_14,0.061716732758041466
lag_2,0.05670908081450638
month,0.03908452242321262
holiday_flag,0.00915610913267129
