model,mae,mape,rmse
Linear Regression,1212.9698614999531,10.66888464259109,1797.7883584628337
Random Forest,950.5022120027577,8.114929685224482,1432.580921665102
